Date,AAPL,GOOGL,META,MSFT,NVDA
2023-01-03,123.47061920166016,88.58870697021484,124.05940246582031,234.8089599609375,14.302287101745605
2023-01-04,124.7441177368164,87.55490112304688,126.67505645751953,224.5376739501953,14.73590087890625
2023-01-05,123.42125701904297,85.68611145019531,126.24739837646484,217.88287353515625,14.252330780029297
2023-01-06,127.96240997314453,86.81932067871094,129.31060791015625,220.45068359375,14.845804214477539
2023-01-09,128.48565673828125,87.49525451660156,128.7635955810547,222.59707641601562,15.614118576049805
2023-01-10,129.05824279785156,87.89287567138672,132.264404296875,224.29261779785156,15.894871711730957
2023-01-11,131.78294372558594,90.97439575195312,132.16494750976562,231.07479858398438,15.986787796020508
2023-01-12,131.70394897460938,90.58671569824219,135.964111328125,233.76025390625,16.496335983276367
2023-01-13,133.0366973876953,91.5708236694336,136.23260498046875,234.46591186523438,16.88399314880371
2023-01-17,134.2016143798828,90.74576568603516,134.6214599609375,235.56361389160156,17.686279296875
2023-01-18,133.48094177246094,90.57678985595703,132.2942352294922,231.114013671875,17.3615665435791
2023-01-19,133.54019165039062,92.49527740478516,135.4071502685547,227.31129455566406,16.75011444091797
2023-01-20,136.10691833496094,97.43563842773438,138.6095733642578,235.4362030029297,17.823158264160156
2023-01-23,139.30551147460938,99.19509887695312,142.48831176757812,237.74923706054688,19.175954818725586
2023-01-24,140.7073516845703,97.1175537109375,142.3590087890625,237.21995544433594,19.247888565063477
2023-01-25,140.04588317871094,94.65234375,140.72796630859375,235.8184356689453,19.305837631225586
2023-01-26,142.1190643310547,96.9386215209961,146.49632263183594,243.061279296875,19.784412384033203
2023-01-27,144.06385803222656,98.77760314941406,150.91209411621094,243.21807861328125,20.346912384033203
2023-01-30,141.1713409423828,96.3620834350586,146.25762939453125,237.8766326904297,19.14497947692871
2023-01-31,142.44482421875,98.25074768066406,148.15719604492188,242.87506103515625,19.5196533203125
2023-02-01,143.57025146484375,99.8312759399414,152.2845458984375,247.71669006347656,20.92440414428711
2023-02-02,148.891357421875,107.09769439697266,187.74005126953125,259.33062744140625,21.689720153808594
2023-02-03,152.52427673339844,104.15534210205078,185.5122833251953,253.2051544189453,21.08125877380371
2023-02-06,149.78970336914062,102.28654479980469,185.04481506347656,251.6566162109375,21.070270538330078
2023-02-07,152.67234802246094,106.998291015625,190.57447814941406,262.2317199707031,22.15330696105957
2023-02-08,149.97727966308594,98.77760314941406,182.42916870117188,261.4183044433594,22.185279846191406
2023-02-09,148.940673828125,94.44359588623047,176.94923400878906,258.37017822265625,22.317161560058594
2023-02-10,149.30653381347656,94.00621795654297,173.19979858398438,257.8605651855469,21.246112823486328
2023-02-13,152.11448669433594,94.04597473144531,178.45101928710938,265.9168701171875,21.768651962280273
2023-02-14,151.4718017578125,94.11555480957031,178.50071716308594,266.7499084472656,22.950599670410156
2023-02-15,153.5777587890625,96.3620834350586,176.19338989257812,264.61785888671875,22.743783950805664
2023-02-16,151.97604370117188,94.94060516357422,171.4991455078125,257.572998046875,21.98246192932129
2023-02-17,150.8291473388672,93.78752136230469,171.93673706054688,253.55441284179688,21.36900520324707
2023-02-21,146.80508422851562,91.24278259277344,171.14111328125,248.25852966308594,20.636653900146484
2023-02-22,147.23019409179688,91.10362243652344,170.18634033203125,247.1187744140625,20.73556900024414
2023-02-23,147.71466064453125,90.34814453125,171.101318359375,250.32188415527344,23.64298439025879
2023-02-24,145.05502319335938,88.59864044189453,169.46034240722656,244.8687744140625,23.265317916870117
2023-02-27,146.2513885498047,89.33423614501953,168.61495971679688,245.7923583984375,23.480127334594727
2023-02-28,145.74710083007812,89.52310180664062,173.9855194091797,245.0652618408203,23.19538116455078
2023-03-01,143.6708221435547,89.8213119506836,172.47381591796875,241.9702911376953,22.67784309387207
2023-03-02,144.26405334472656,91.4515380859375,173.57772827148438,246.72576904296875,23.293292999267578
2023-03-03,149.3262939453125,93.0916976928711,184.23924255371094,250.832763671875,23.8687801361084
2023-03-06,152.0947265625,94.56287384033203,183.8911590576172,252.38519287109375,23.533082962036133
2023-03-07,149.88987731933594,93.30045318603516,183.5032958984375,249.7126922607422,23.271268844604492
2023-03-08,151.14552307128906,93.68811798095703,183.96080017089844,249.27053833007812,24.163625717163086
2023-03-09,148.89126586914062,91.7696304321289,180.69869995117188,247.91464233398438,23.419166564941406
2023-03-10,146.8248291015625,90.0896987915039,178.53057861328125,244.24978637695312,22.948505401611328
2023-03-13,148.77261352539062,90.56684112548828,179.91297912597656,249.48670959472656,22.949501037597656
2023-03-14,150.8686981201172,93.40978240966797,192.96141052246094,256.23675537109375,24.045711517333984
2023-03-15,151.26416015625,95.53703308105469,196.67103576660156,260.8055419921875,24.21059226989746
2023-03-16,154.0919189453125,99.72193145751953,203.81185913085938,271.37774658203125,25.522653579711914
2023-03-17,153.2515106201172,101.0141830444336,194.542724609375,274.55126953125,25.706518173217773
2023-03-20,155.6244354248047,100.61656188964844,196.73074340820312,267.47705078125,25.881389617919922
2023-03-21,157.48321533203125,104.29450988769531,201.0570068359375,268.99993896484375,26.18017578125
2023-03-22,156.049560546875,102.7537612915039,198.71978759765625,267.5359802246094,26.448986053466797
2023-03-23,157.13717651367188,104.97045135498047,203.16542053222656,272.8122253417969,27.171463012695312
2023-03-24,158.4423065185547,104.81141662597656,204.885986328125,275.6714172363281,26.759761810302734
2023-03-27,156.49452209472656,101.84917449951172,201.73329162597656,271.5545959472656,26.511940002441406
2023-03-28,155.87159729003906,100.42770385742188,199.58506774902344,270.4246826171875,26.391027450561523
2023-03-29,158.95643615722656,100.78556060791016,204.22959899902344,275.6124572753906,26.96461296081543
2023-03-30,160.52847290039062,100.28853607177734,206.7060089111328,279.09063720703125,27.363327026367188
2023-03-31,163.03981018066406,103.11161041259766,210.7836456298828,283.2664489746094,27.75704574584961
2023-04-03,164.29550170898438,103.73785400390625,211.90745544433594,282.2151794433594,27.944908142089844
2023-04-04,163.76161193847656,104.095703125,213.5484619140625,282.1659851074219,27.433279037475586
2023-04-05,161.91268920898438,103.84719848632812,210.3261260986328,279.3755798339844,26.86168670654297
2023-04-06,162.80255126953125,107.77365112304688,214.9209442138672,286.50885009765625,27.017578125
2023-04-10,160.20220947265625,105.80545806884766,213.57827758789062,284.33740234375,27.559186935424805
2023-04-11,158.98609924316406,104.7219467163086,212.68321228027344,277.89190673828125,27.14948272705078
2023-04-12,158.2939910888672,104.01617431640625,212.83238220214844,278.5404052734375,26.47596549987793
2023-04-13,163.6923828125,106.78954315185547,219.14773559570312,284.779541015625,26.443986892700195
2023-04-14,163.3463134765625,108.22095489501953,220.28150939941406,281.1441650390625,26.73877716064453
2023-04-17,163.36611938476562,105.3382568359375,217.66587829589844,283.75775146484375,26.982603073120117
2023-04-18,164.59214782714844,103.87700653076172,216.70115661621094,283.335205078125,27.647125244140625
2023-04-19,165.7390594482422,103.55892944335938,214.52313232421875,283.4139099121094,27.910930633544922
2023-04-20,164.77011108398438,104.66230773925781,211.90745544433594,281.11468505859375,27.08452606201172
2023-04-21,163.15847778320312,104.7815933227539,211.7284393310547,280.77081298828125,27.099519729614258
2023-04-24,163.46498107910156,105.3382568359375,211.6289825439453,276.8504333496094,27.022573471069336
2023-04-25,161.9225616455078,103.23088836669922,206.41757202148438,270.6113586425781,26.222148895263672
2023-04-26,161.91268920898438,103.09172058105469,208.2574920654297,290.2130126953125,26.936635971069336
2023-04-27,166.51022338867188,106.94859313964844,237.25839233398438,299.5078430175781,27.20644187927246
2023-04-28,167.76589965820312,106.70008087158203,239.00880432128906,301.8954162597656,27.72906494140625
2023-05-01,167.6769256591797,106.5609130859375,241.85316467285156,300.22509765625,28.88922882080078
2023-05-02,166.6387481689453,104.69212341308594,237.9346923828125,300.0777282714844,28.18973159790039
2023-05-03,165.5610809326172,104.7815933227539,235.7367401123047,299.0853576660156,27.782026290893555
2023-05-04,163.91976928710938,104.06587982177734,232.24588012695312,300.0777282714844,27.542200088500977
2023-05-05,171.61203002929688,104.94063568115234,231.50991821289062,305.2262268066406,28.65939712524414
2023-05-08,171.5428009033203,107.12751007080078,231.99725341796875,303.2611389160156,29.130054473876953
2023-05-09,169.83233642578125,106.71002197265625,232.0966796875,301.6399841308594,28.550472259521484
2023-05-10,171.6021270751953,111.08378601074219,231.80828857421875,306.8572692871094,28.864248275756836
2023-05-11,171.7899627685547,115.87506103515625,234.5034637451172,304.6955871582031,28.55746841430664
2023-05-12,170.8593292236328,116.80945587158203,232.5343017578125,303.5755310058594,28.31964111328125
2023-05-15,170.3642578125,115.81542205810547,237.55674743652344,304.0570373535156,28.93219757080078
2023-05-16,170.3642578125,118.79753112792969,237.51698303222656,306.2972106933594,29.192014694213867
2023-05-17,170.9781036376953,120.11959075927734,241.1669464111328,309.19219970703125,30.15631675720215
2023-05-18,173.31472778320312,122.09774780273438,245.50314331054688,313.6429443359375,31.655242919921875
2023-05-19,173.42364501953125,122.02815246582031,244.29977416992188,313.4657287597656,31.241540908813477
2023-05-22,172.47314453125,124.30450439453125,246.9651336669922,316.2622375488281,31.153600692749023
2023-05-23,169.8593292236328,121.82933807373047,245.3937530517578,310.43292236328125,30.665956497192383
2023-05-24,170.13653564453125,120.17923736572266,247.8502960205078,309.04449462890625,30.51605987548828
2023-05-25,171.27516174316406,122.74386596679688,251.31130981445312,320.9296875,37.95271682739258
2023-05-26,173.6909637451172,123.86714172363281,260.61029052734375,327.7929382324219,38.91801834106445
2023-05-30,175.5424041748047,122.93272399902344,261.0876770019531,326.1386413574219,40.082183837890625
2023-05-31,175.49293518066406,122.13751220703125,263.27569580078125,323.36187744140625,37.806819915771484
2023-06-01,178.30474853515625,122.98243713378906,271.12261962890625,327.48773193359375,39.74142837524414
2023-06-02,179.15621948242188,123.92677307128906,271.12261962890625,330.2644958496094,39.29874801635742
2023-06-05,177.79981994628906,125.25878143310547,269.9093017578125,330.7962646484375,39.142860412597656
2023-06-06,177.4335174560547,126.55103302001953,269.6407165527344,328.5708312988281,38.62622833251953
2023-06-07,176.05726623535156,121.76969909667969,262.1617431640625,318.4285888671875,37.45194625854492
2023-06-08,178.77999877929688,121.41184997558594,263.1363830566406,320.27978515625,38.48632049560547
2023-06-09,179.16615295410156,121.50132751464844,263.5044250488281,321.786376953125,38.74615478515625
2023-06-12,181.96807861328125,122.90290832519531,269.5711364746094,326.76885986328125,39.45771408081055
2023-06-13,181.4928436279297,123.09178161621094,269.83966064453125,329.17156982421875,40.99677276611328
2023-06-14,182.12648010253906,122.93272399902344,271.85858154296875,332.1748352050781,42.970558166503906
2023-06-15,184.1660614013672,124.34426879882812,280.2922668457031,342.7700500488281,42.62677001953125
2023-06-16,183.08688354492188,122.79356384277344,279.466796875,337.08837890625,42.66574478149414
2023-06-20,183.1759796142578,122.36611938476562,282.77862548828125,332.8739318847656,43.78105545043945
2023-06-21,182.1363983154297,119.83133697509766,280.1033630371094,328.45269775390625,43.018524169921875
2023-06-22,185.146240234375,122.41583251953125,283.3256530761719,334.508544921875,42.998538970947266
2023-06-23,184.8294219970703,121.61064910888672,287.1546936035156,329.8903503417969,42.18304443359375
2023-06-26,183.4334259033203,117.6344985961914,276.95062255859375,323.568603515625,40.60700607299805
2023-06-27,186.1957550048828,117.62457275390625,285.4837951660156,329.4471740722656,41.85024642944336
2023-06-28,187.37396240234375,119.46353149414062,283.7333984375,330.7076110839844,41.091712951660156
2023-06-29,187.71058654785156,118.38997650146484,279.99395751953125,329.91986083984375,40.79689025878906
2023-06-30,192.0471649169922,118.98638916015625,285.4141845703125,335.3258056640625,42.27598190307617
2023-07-03,190.55215454101562,119.1852035522461,284.45941162109375,332.8148193359375,42.38691711425781
2023-07-05,189.43333435058594,121.02417755126953,292.763916015625,332.972412109375,42.29098129272461
2023-07-06,189.9085693359375,119.39395141601562,290.3968505859375,336.0445861816406,42.07710647583008
2023-07-07,188.78976440429688,118.76771545410156,288.94482421875,332.056640625,42.47685623168945
2023-07-10,186.7403106689453,115.75577545166016,292.4953308105469,326.7491760253906,42.154056549072266
2023-07-11,186.21554565429688,116.4416732788086,296.66253662109375,327.3793640136719,42.37892150878906
2023-07-12,187.88882446289062,118.22099304199219,307.6521911621094,332.0369873046875,43.874996185302734
2023-07-13,188.65118408203125,123.79754638671875,311.70001220703125,337.4133605957031,45.948726654052734
2023-07-14,188.79969787597656,124.67229461669922,307.1847839355469,339.95379638671875,45.441036224365234
2023-07-17,192.0669708251953,123.90689849853516,308.92523193359375,340.43634033203125,46.43242263793945
2023-07-18,191.80955505371094,123.02220153808594,310.347412109375,353.98565673828125,47.464786529541016
2023-07-19,193.16598510742188,121.30250549316406,314.28582763671875,349.6432189941406,47.04804611206055
2023-07-20,191.2154998779297,118.48937225341797,300.86944580078125,341.5588684082031,45.49200439453125
2023-07-21,190.03729248046875,119.30448150634766,292.6544494628906,338.5063781738281,44.28174591064453
2023-07-24,190.8392791748047,120.80549621582031,290.0189208984375,339.8258361816406,44.58456039428711
2023-07-25,191.70062255859375,121.48143768310547,292.8633117675781,345.60595703125,45.650901794433594
2023-07-26,192.57192993164062,128.4993438720703,296.94097900390625,332.5982666015625,45.42404556274414
2023-07-27,191.30458068847656,128.62857055664062,310.0093078613281,325.6561584472656,45.871768951416016
2023-07-28,193.88873291015625,131.7895965576172,323.70416259765625,333.1890563964844,46.721248626708984
2023-07-31,194.50257873535156,131.9287872314453,316.8616638183594,330.776611328125,46.70025634765625
2023-08-01,193.67091369628906,130.76576232910156,320.9492492675781,331.1900939941406,46.4783935546875
2023-08-02,190.67095947265625,127.61463928222656,312.5950927734375,322.4854736328125,44.24177932739258
2023-08-03,189.27491760253906,127.6842269897461,311.4812316894531,321.6583557128906,44.48762130737305
2023-08-04,180.1859588623047,127.34626007080078,309.0345764160156,322.76116943359375,44.652523040771484
2023-08-07,177.0770721435547,130.74586486816406,314.8327941894531,325.0554504394531,45.38906478881836
2023-08-08,178.0176239013672,130.61663818359375,310.9341735839844,321.05767822265625,44.636531829833984
2023-08-09,176.423583984375,128.88702392578125,303.5447082519531,317.296142578125,42.527828216552734
2023-08-10,176.20579528808594,128.91685485839844,304.07183837890625,317.9854736328125,42.36193084716797
2023-08-11,176.26527404785156,128.78761291503906,299.99420166015625,316.0948486328125,40.82986831665039
2023-08-14,177.9209442138672,130.54705810546875,304.5194091796875,319.0784912109375,43.72608947753906
2023-08-15,175.9281768798828,129.0063018798828,300.3025207519531,316.93182373046875,43.9129753112793
2023-08-16,175.0557403564453,127.93273162841797,292.6842956542969,316.1622009277344,43.459251403808594
2023-08-17,172.5077667236328,129.14544677734375,283.5345153808594,312.688720703125,43.317344665527344
2023-08-18,172.9935760498047,126.70012664794922,281.70452880859375,312.29400634765625,43.27237319946289
2023-08-21,174.33197021484375,127.60469818115234,288.3182678222656,317.6226501464844,46.938114166259766
2023-08-22,175.71005249023438,128.31048583984375,286.0307922363281,318.1949157714844,45.63991165161133
2023-08-23,179.56671142578125,131.5808563232422,292.63458251953125,322.67486572265625,47.08702087402344
2023-08-24,174.86737060546875,129.0063018798828,285.18548583984375,315.7378234863281,47.13398742675781
2023-08-25,177.07823181152344,129.105712890625,283.9422607421875,318.7080383300781,45.98970413208008
2023-08-28,178.64471435546875,130.2289581298828,288.67633056640625,319.41851806640625,46.806190490722656
2023-08-29,182.54098510742188,133.76776123046875,296.3641052246094,324.0661926269531,48.753997802734375
2023-08-30,186.0406951904297,135.0699462890625,293.4898986816406,324.44122314453125,49.23370361328125
2023-08-31,186.25880432128906,135.3582000732422,294.2756042480469,323.42486572265625,49.324649810791016
2023-09-01,187.83522033691406,134.8512420654297,294.7629089355469,324.31292724609375,48.47916793823242
2023-09-05,188.0731201171875,134.96060180664062,298.51239013671875,329.13824462890625,48.51813888549805
2023-09-06,181.34136962890625,133.65841674804688,297.53765869140625,328.4770812988281,47.035926818847656
2023-09-07,176.03724670410156,134.45361328125,297.04046630859375,325.54638671875,46.216365814208984
2023-09-08,176.65191650390625,135.56695556640625,296.2646789550781,329.8487243652344,45.547725677490234
2023-09-11,177.82180786132812,136.10372924804688,305.88189697265625,333.47015380859375,45.15393829345703
2023-09-12,174.7880401611328,134.53314208984375,300.01409912109375,327.3817443847656,44.846092224121094
2023-09-13,172.71597290039062,135.89501953125,303.39556884765625,331.6150207519531,45.460777282714844
2023-09-14,174.2328643798828,137.27670288085938,310.01922607421875,334.22015380859375,45.55672073364258
2023-09-15,173.5091094970703,136.58087158203125,298.6714782714844,325.852294921875,43.87661361694336
2023-09-18,176.44374084472656,137.38604736328125,300.8992614746094,324.7076110839844,43.94258117675781
2023-09-19,177.5343017578125,137.21705627441406,303.4054870605469,324.3030090332031,43.49681854248047
2023-09-20,173.9849853515625,132.9427032470703,298.03497314453125,316.5272521972656,42.21649932861328
2023-09-21,172.4383544921875,129.662353515625,294.116455078125,315.3036804199219,40.995147705078125
2023-09-22,173.2909698486328,129.4735107421875,297.4482116699219,312.8170471191406,41.587833404541016
2023-09-25,174.56993103027344,130.328369140625,299.1886291503906,313.3399658203125,42.19950866699219
2023-09-26,170.4852752685547,127.80351257324219,297.328857421875,308.01141357421875,41.888675689697266
2023-09-27,168.96836853027344,129.7617645263672,296.115478515625,308.65277099609375,42.44537353515625
2023-09-28,169.22616577148438,131.52122497558594,302.30157470703125,309.4915771484375,43.06604766845703
2023-09-29,169.74169921875,130.07986450195312,298.5719909667969,311.5736999511719,43.475830078125
2023-10-02,172.25990295410156,133.3701171875,305.14593505859375,317.54364013671875,44.75814437866211
2023-10-03,170.92147827148438,131.6405029296875,299.2980651855469,309.2449035644531,43.49381637573242
2023-10-04,172.17068481445312,134.43377685546875,303.9126892089844,314.7412109375,44.017539978027344
2023-10-05,173.4099578857422,134.26478576660156,303.12701416015625,315.1358947753906,44.6641960144043
2023-10-06,175.9678497314453,136.7598114013672,313.708984375,322.9314270019531,45.73762130737305
2023-10-09,177.45498657226562,137.59478759765625,316.6229553222656,325.45758056640625,45.24888229370117
2023-10-10,176.86012268066406,137.2369384765625,320.0840148925781,324.0465087890625,45.77360534667969
2023-10-11,178.25802612304688,139.71209716796875,326.0313720703125,328.0231628417969,46.781070709228516
2023-10-12,179.1602020263672,138.1415252685547,322.391357421875,326.7798156738281,46.91999053955078
2023-10-13,177.31617736816406,136.54110717773438,312.9729919433594,323.395263671875,45.4367790222168
2023-10-16,177.18728637695312,138.270751953125,319.39776611328125,328.2402648925781,46.07044982910156
2023-10-17,175.63075256347656,138.88705444335938,322.2322082519531,327.6679382324219,43.91459274291992
2023-10-18,174.33197021484375,137.13754272460938,315.2405700683594,325.74371337890625,42.17352294921875
2023-10-19,173.95526123046875,136.92880249023438,311.1032409667969,326.9377136230469,42.078575134277344
2023-10-20,171.39739990234375,134.7916259765625,306.9659729003906,322.3492431640625,41.364952087402344
2023-10-23,171.516357421875,135.6862335205078,312.2967224121094,324.96417236328125,42.952110290527344
2023-10-24,171.95257568359375,137.98248291015625,310.84466552734375,326.1581726074219,43.639739990234375
2023-10-25,169.63265991210938,124.86116027832031,297.8957214355469,336.1640625,41.756744384765625
2023-10-26,165.45875549316406,121.55101776123047,286.7767639160156,323.5530700683594,40.30451965332031
2023-10-27,166.77735900878906,121.44166564941406,295.1109924316406,325.4476623535156,40.47842788696289
2023-10-30,168.82955932617188,123.718017578125,301.0086364746094,332.8484802246094,41.139076232910156
2023-10-31,169.30548095703125,123.34027862548828,299.6262512207031,333.63787841796875,40.758277893066406
2023-11-01,172.47804260253906,125.69615936279297,310.14849853515625,341.49261474609375,42.302459716796875
2023-11-02,176.0471649169922,126.7299575805664,309.1738586425781,343.712890625,43.48282241821289
2023-11-03,175.13504028320312,128.33035278320312,312.883544921875,348.1336364746094,44.98102569580078
2023-11-06,177.6929168701172,129.4735107421875,314.0769348144531,351.8143005371094,45.726627349853516
2023-11-07,180.26072692871094,130.18919372558594,317.0804748535156,355.7613830566406,45.930519104003906
2023-11-08,181.32151794433594,131.0540313720703,318.03521728515625,358.3960876464844,46.549190521240234
2023-11-09,180.84564208984375,129.46356201171875,318.801025390625,355.9192199707031,46.92498779296875
2023-11-10,185.0448760986328,131.79954528808594,326.9761657714844,364.78045654296875,48.30925369262695
2023-11-13,183.45651245117188,131.30252075195312,327.3939208984375,361.8299865722656,48.59410095214844
2023-11-14,186.07733154296875,132.8234100341797,334.4750061035156,365.3725280761719,49.62954330444336
2023-11-15,186.64317321777344,133.81744384765625,330.8946838378906,365.5208435058594,48.86195755004883
2023-11-16,188.3308563232422,136.11367797851562,332.3666076660156,371.94793701171875,49.453643798828125
2023-11-17,188.3109588623047,134.5033416748047,333.21197509765625,365.6988525390625,49.27174377441406
2023-11-20,190.05816650390625,135.43772888183594,338.1151123046875,373.2036437988281,50.382144927978516
2023-11-21,189.25405883789062,136.1534423828125,335.1413879394531,368.8827209472656,49.917396545410156
2023-11-22,189.91917419433594,137.66439819335938,339.62677001953125,373.60906982421875,48.69004440307617
2023-11-24,188.5889129638672,135.87510681152344,336.38458251953125,373.1937561035156,47.75054931640625
2023-11-27,188.4102325439453,135.59678649902344,332.8738098144531,374.3604736328125,48.216304779052734
2023-11-28,189.0157928466797,136.38206481933594,337.14044189453125,378.4046325683594,47.79552459716797
2023-11-29,187.99330139160156,134.1852569580078,330.387451171875,374.5978698730469,48.11436080932617
2023-11-30,188.569091796875,131.73989868164062,325.3650207519531,374.65716552734375,46.745086669921875
2023-12-01,189.84970092773438,131.07388305664062,323.0477600097656,370.3065185546875,46.740089416503906
2023-12-04,188.0528564453125,128.4993438720703,318.27392578125,364.996826171875,45.48575210571289
2023-12-05,192.01385498046875,130.2091064453125,316.5533447265625,368.3388671875,46.545284271240234
2023-12-06,190.92185974121094,129.24488830566406,315.718017578125,364.6606140136719,45.482757568359375
2023-12-07,192.85768127441406,136.11367797851562,324.80810546875,366.7865295410156,46.575279235839844
2023-12-08,194.28721618652344,134.1852569580078,330.9344482421875,370.0296630859375,47.484867095947266
2023-12-11,191.7755889892578,132.49537658691406,323.5052490234375,367.1325378417969,46.606258392333984
2023-12-12,193.29449462890625,131.72998046875,332.39642333984375,370.1780090332031,47.635799407958984
2023-12-13,196.52084350585938,131.77967834472656,332.9136047363281,370.1681213378906,48.06661605834961
2023-12-14,196.66978454589844,131.15341186523438,331.3522033691406,361.8228759765625,48.328487396240234
2023-12-15,196.13369750976562,131.80950927734375,333.0926513671875,366.5689697265625,48.86825180053711
2023-12-18,194.4658966064453,134.9904327392578,342.7397155761719,368.4674072265625,50.054725646972656
2023-12-19,195.50827026367188,135.83534240722656,348.4483947753906,369.0705871582031,49.581932067871094
2023-12-20,193.41360473632812,137.51527404785156,347.3742980957031,366.4601745605469,48.089595794677734
2023-12-21,193.2646942138672,139.58287048339844,352.15802001953125,369.3474426269531,48.96820831298828
2023-12-22,192.1925506591797,140.64649963378906,351.4618835449219,370.3757629394531,48.808284759521484
2023-12-26,191.64654541015625,140.6763153076172,352.89398193359375,370.4548645019531,49.257076263427734
2023-12-27,191.74581909179688,139.53317260742188,355.8776550292969,369.8714904785156,49.395015716552734
2023-12-28,192.17269897460938,139.39398193359375,356.3649597167969,371.06787109375,49.49997329711914
2023-12-29,191.1303253173828,138.85723876953125,352.0286865234375,371.81939697265625,49.49997329711914
2024-01-02,184.29042053222656,137.3462677001953,344.400634765625,366.7073974609375,48.14657211303711
2024-01-03,182.9105224609375,138.09181213378906,342.5905456542969,366.4404296875,47.5478401184082
2024-01-04,180.5875244140625,135.576904296875,345.2260437011719,363.81024169921875,47.97665023803711
2024-01-05,179.8628387451172,134.9208221435547,350.02972412109375,363.6224365234375,49.075157165527344
2024-01-08,184.21099853515625,138.0122833251953,356.703125,370.4845275878906,52.22975158691406
2024-01-09,183.79405212402344,140.10971069335938,355.47979736328125,371.5721435546875,53.116363525390625
2024-01-10,184.83641052246094,141.43179321289062,368.4486389160156,378.47381591796875,54.325828552246094
2024-01-11,184.24078369140625,141.2329864501953,367.6530456542969,380.3129577636719,54.797611236572266
2024-01-12,184.56837463378906,141.79959106445312,372.4467468261719,384.10986328125,54.68566131591797
2024-01-16,182.29502868652344,141.64053344726562,365.4550476074219,385.8896484375,56.3569221496582
2024-01-17,181.3519287109375,140.62661743164062,366.3601379394531,385.0986328125,56.028072357177734
2024-01-18,187.2586669921875,142.62461853027344,374.0777587890625,389.4492492675781,57.08159637451172
2024-01-19,190.16737365722656,145.50735473632812,381.35784912109375,394.19537353515625,59.46453857421875
2024-01-22,192.48043823242188,145.11965942382812,379.69696044921875,392.0596618652344,59.627464294433594
2024-01-23,193.7610626220703,146.1634063720703,383.0982971191406,394.42279052734375,59.846370697021484
2024-01-24,193.0860137939453,147.81350708007812,388.56829833984375,398.04168701171875,61.3347053527832
2024-01-25,192.75840759277344,150.96461486816406,391.0347595214844,400.3257751464844,61.58959197998047
2024-01-26,191.02113342285156,151.28269958496094,391.98956298828125,399.39630126953125,61.00385284423828
2024-01-29,190.33612060546875,152.59483337402344,398.83197021484375,405.121337890625,62.43721389770508
2024-01-30,186.6729736328125,150.55706787109375,397.877197265625,404.0040283203125,62.74607467651367
2024-01-31,183.05943298339844,139.26478576660156,388.0113525390625,393.11761474609375,61.4996337890625
2024-02-01,185.50155639648438,140.31846618652344,392.62603759765625,399.2480163574219,62.998966217041016
2024-02-02,184.49888610839844,141.53118896484375,472.3984069824219,406.6044921875,66.13058471679688
2024-02-05,186.3155975341797,142.8234405517578,456.90338134765625,401.0970458984375,69.30116271972656
2024-02-06,187.92381286621094,143.24093627929688,452.239013671875,400.93878173828125,68.19265747070312
2024-02-07,188.03302001953125,144.67233276367188,467.0278625488281,409.40277099609375,70.06781768798828
2024-02-08,186.95094299316406,145.04013061523438,467.43560791015625,409.4620666503906,69.61002349853516
2024-02-09,187.71630859375,148.1117401123047,465.555908203125,415.82977294921875,72.1009292602539
2024-02-12,186.02650451660156,146.65048217773438,466.3415832519531,410.59918212890625,72.21585845947266
2024-02-13,183.92916870117188,144.27471923828125,457.6095275878906,401.7594909667969,72.09593200683594
2024-02-14,183.0445098876953,145.06997680664062,470.6977233886719,405.6426696777344,73.86713409423828
2024-02-15,182.7562713623047,141.91888427734375,481.38909912109375,402.7402038574219,72.62567901611328
2024-02-16,181.21556091308594,139.68228149414062,470.7375183105469,400.2637023925781,72.58069610595703
2024-02-20,180.47007751464844,140.27870178222656,469.1760559082031,399.0056457519531,69.4211196899414
2024-02-21,181.22552490234375,141.70016479492188,465.9702453613281,398.4013366699219,67.4419937133789
2024-02-22,183.26319885253906,143.23098754882812,483.9906005859375,407.7823791503906,78.50306701660156
2024-02-23,181.42433166503906,143.10177612304688,481.89984130859375,406.4846496582031,78.78194427490234
2024-02-26,180.0724639892578,136.74986267089844,479.619873046875,403.71099853515625,79.05683135986328
2024-02-27,181.5336456298828,138.05206298828125,484.90655517578125,403.651611328125,78.66598510742188
2024-02-28,180.33091735839844,135.56695556640625,481.88983154296875,403.8893127441406,77.62846374511719
2024-02-29,179.66494750976562,137.63455200195312,487.9729919433594,409.75372314453125,79.07681274414062
2024-03-01,178.58148193359375,136.32241821289062,500.08941650390625,411.5962219238281,82.24239349365234
2024-03-04,174.04885864257812,132.55502319335938,495.9975280761719,411.02166748046875,85.19908905029297
2024-03-05,169.09877014160156,131.8790740966797,488.0625915527344,398.866943359375,85.92980194091797
2024-03-06,168.104736328125,130.61663818359375,493.90673828125,398.31219482421875,88.66470336914062
2024-03-07,167.9854736328125,133.57888793945312,509.9358825683594,405.2959899902344,92.63212585449219
2024-03-08,169.70506286621094,134.6027374267578,503.7233581542969,402.4034118652344,87.49317169189453
2024-03-11,171.71295166015625,136.8492889404297,481.4617614746094,400.7193603515625,85.7398681640625
2024-03-12,172.19007873535156,137.67431640625,497.5506286621094,411.3782653808594,91.87642669677734
2024-03-13,170.10267639160156,138.95660400390625,493.3890686035156,411.20001220703125,90.8518295288086
2024-03-14,171.96145629882812,142.2469024658203,489.6654968261719,421.22491455078125,87.90900421142578
2024-03-15,171.58372497558594,140.3383331298828,481.9695129394531,412.5075988769531,87.80205535888672
2024-03-18,172.67715454101562,146.79957580566406,494.7928466796875,413.39910888671875,88.41980743408203
2024-03-19,175.02296447753906,146.15345764160156,494.0560607910156,417.45068359375,89.3624267578125
2024-03-20,177.59742736816406,147.853271484375,503.2952575683594,421.23480224609375,90.3360366821289
2024-03-21,170.34124755859375,146.72007751464844,505.525390625,425.3359069824219,91.39861297607422
2024-03-22,171.24578857421875,149.8711700439453,507.3373718261719,424.7118225097656,94.25148010253906
2024-03-25,169.82437133789062,149.1753387451172,500.8062438964844,418.8870544433594,94.96418762207031
2024-03-26,168.6912078857422,149.77175903320312,493.7076416015625,417.68841552734375,92.524169921875
2024-03-27,172.26959228515625,149.97056579589844,491.6865234375,417.47052001953125,90.21409606933594
2024-03-28,170.45057678222656,150.0301971435547,483.4429931640625,416.76715087890625,90.3200454711914
2024-04-01,169.00927734375,154.56304931640625,489.1875915527344,420.5809631347656,90.32704162597656
2024-04-02,167.826416015625,153.63856506347656,495.1811218261719,417.48040771484375,89.4164047241211
2024-04-03,168.63156127929688,153.99642944335938,504.5098876953125,416.49969482421875,88.92859649658203
2024-04-04,167.8065643310547,149.63259887695312,508.6714782714844,413.953857421875,85.87081146240234
2024-04-05,168.56198120117188,151.59085083007812,525.0192260742188,421.52203369140625,87.97298431396484
2024-04-08,167.43878173828125,153.92684936523438,516.96484375,420.6007995605469,87.09832763671875
2024-04-09,168.65142822265625,155.66641235351562,514.6251831054688,422.2749328613281,85.32002258300781
2024-04-10,166.7727813720703,155.20916748046875,517.5422973632812,419.2833251953125,87.0043716430664
2024-04-11,173.9892120361328,158.4596710205078,520.8576049804688,423.909423828125,90.57994079589844
2024-04-12,175.4901580810547,156.7896728515625,509.64715576171875,417.93609619140625,88.15090942382812
2024-04-15,171.65330505371094,153.93679809570312,498.0285339355469,409.75372314453125,85.96676635742188
2024-04-16,168.36318969726562,153.47952270507812,497.5606384277344,410.6848449707031,87.38021087646484
2024-04-17,166.99147033691406,154.5431365966797,491.9952087402344,407.9705810546875,84.0015640258789
2024-04-18,166.0372314453125,155.07994079589844,499.59161376953125,400.4717102050781,84.63729858398438
2024-04-19,164.0094757080078,153.17137145996094,478.9528503417969,395.3701171875,76.16967010498047
2024-04-22,164.8444366455078,155.34829711914062,479.6099853515625,397.19281005859375,79.48635864257812
2024-04-23,165.8980712890625,157.31651306152344,493.91668701171875,403.74072265625,82.39019775390625
2024-04-24,168.00535583496094,158.18133544921875,491.3281555175781,405.21673583984375,79.64530181884766
2024-04-25,168.8701171875,155.0699920654297,439.43756103515625,395.2908935546875,82.59912872314453
2024-04-26,168.28366088867188,170.92491149902344,441.339111328125,402.50244140625,87.70008850097656
2024-04-29,172.45843505859375,165.15948486328125,430.7160339355469,398.470703125,87.72207641601562
2024-04-30,169.3074951171875,161.8095703125,428.2768859863281,385.672119140625,86.36763000488281
2024-05-01,168.28366088867188,162.88314819335938,437.2571716308594,391.2294006347656,83.00794982910156
2024-05-02,171.99127197265625,165.62667846679688,439.7362060546875,394.1020812988281,85.78285217285156
2024-05-03,182.27914428710938,166.24298095703125,449.9709777832031,402.8392639160156,88.75366973876953
2024-05-06,180.6191864013672,167.09786987304688,463.630615234375,409.6546325683594,92.10332489013672
2024-05-07,181.3050079345703,170.22906494140625,466.1793212890625,405.49407958984375,90.51795959472656
2024-05-08,181.6429901123047,168.3702392578125,470.5201721191406,406.6828308105469,90.37602996826172
2024-05-09,183.46202087402344,168.94677734375,473.3277282714844,408.4461364746094,88.71168518066406
2024-05-10,182.1979217529297,167.64456176757812,474.1043395996094,410.84332275390625,89.84223937988281
2024-05-13,185.4128875732422,168.1316680908203,465.9503479003906,409.8329162597656,90.36302947998047
2024-05-14,186.55752563476562,169.3245086669922,469.7734375,412.6462707519531,91.31965637207031
2024-05-15,188.8368682861328,171.48155212402344,479.4207763671875,419.8609313964844,94.59233856201172
2024-05-16,188.95631408691406,173.14158630371094,471.1473693847656,417.786865234375,94.32144927978516
2024-05-17,188.98617553710938,175.01040649414062,469.83319091796875,417.01275634765625,92.44219970703125
2024-05-20,190.15072631835938,175.8652801513672,466.77667236328125,422.103759765625,94.7422866821289
2024-05-21,191.4546356201172,176.78973388671875,462.5852355957031,425.7756042480469,95.3480453491211
2024-05-22,190.01136779785156,175.3284912109375,465.7213439941406,427.24432373046875,94.91221618652344
2024-05-23,186.0100860595703,172.51536560058594,463.7301025390625,423.7510986328125,103.75770568847656
2024-05-24,189.0956573486328,173.94679260253906,476.1153869628906,426.8870849609375,106.42664337158203
2024-05-28,189.10562133789062,175.34837341308594,477.80792236328125,427.04583740234375,113.85566711425781
2024-05-29,189.4042205810547,174.85134887695312,472.2723693847656,425.90460205078125,114.77930450439453
2024-05-30,190.39956665039062,171.08395385742188,464.9945373535156,411.51495361328125,110.4560317993164
2024-05-31,191.3551025390625,171.47161865234375,464.7755432128906,411.971435546875,109.5893783569336
2024-06-03,193.12681579589844,172.13763427734375,475.38861083984375,410.3736877441406,114.95423889160156
2024-06-04,193.44532775878906,172.75393676757812,474.8908386230469,412.904296875,116.39066314697266
2024-06-05,194.95823669433594,174.36427307128906,492.8812561035156,420.78387451171875,122.39128112792969
2024-06-06,193.57470703125,175.6763916015625,491.5870056152344,421.28997802734375,120.94985961914062
2024-06-07,195.97349548339844,173.41993713378906,490.79052734375,420.6250915527344,120.83989715576172
2024-06-10,192.22103881835938,174.16632080078125,500.3881530761719,424.6144714355469,121.74153900146484
2024-06-11,206.18572998046875,175.7685546875,505.2366943359375,429.38787841796875,120.871826171875
2024-06-12,212.0782012939453,176.93292236328125,506.6006164550781,437.7041320800781,125.16045379638672
2024-06-13,213.24273681640625,174.31561279296875,501.8815002441406,438.2201843261719,129.56907653808594
2024-06-14,211.50086975097656,175.937744140625,502.4396057128906,439.2026672363281,131.83836364746094
2024-06-17,215.6614227294922,176.3855743408203,504.9011535644531,444.9585266113281,130.9386444091797
2024-06-18,213.29248046875,174.2459259033203,497.7855224609375,442.9439697265625,135.5371856689453
2024-06-20,208.70396423339844,175.45010375976562,499.9880065917969,442.3088684082031,130.73870849609375
2024-06-21,206.52415466308594,178.76405334472656,493.0916442871094,446.3578186035156,126.53002166748047
2024-06-24,207.17111206054688,178.3560333251953,497.20751953125,444.2638854980469,118.07269287109375
2024-06-25,208.09681701660156,183.14283752441406,508.8576354980469,447.5188903808594,126.0501708984375
2024-06-26,212.25733947753906,182.99356079101562,511.3690185546875,448.71966552734375,126.3600845336914
2024-06-27,213.1033935546875,184.5161895751953,517.7870483398438,449.4044189453125,123.9508285522461
2024-06-28,209.6395721435547,181.27188110351562,502.4994201660156,443.5493469238281,123.50098419189453
2024-07-01,215.7410430908203,182.10784912109375,502.95782470703125,453.2549133300781,124.26075744628906
2024-07-02,219.24465942382812,184.34703063964844,507.7613830566406,455.7854919433594,122.63125610351562
2024-07-03,220.51870727539062,184.92420959472656,508.21978759765625,457.26416015625,128.23948669433594
2024-07-05,225.28640747070312,189.68118286132812,538.067626953125,464.00250244140625,125.79026794433594
2024-07-08,226.75953674316406,188.1187286376953,527.5137329101562,462.6925354003906,128.15951538085938
2024-07-09,227.61550903320312,188.0689697265625,528.1913452148438,456.0435485839844,131.33851623535156
2024-07-10,231.8955078125,190.25836181640625,532.8654174804688,462.7024841308594,134.86740112304688
2024-07-11,226.5106964111328,184.67543029785156,510.950439453125,451.2403564453125,127.3597640991211
2024-07-12,229.4668426513672,184.1778106689453,497.1676330566406,450.0990905761719,129.19918823242188
2024-07-15,233.3088836669922,185.6307830810547,494.46685791015625,450.5060119628906,128.39942932128906
2024-07-16,233.72695922851562,183.0333709716797,488.1186218261719,446.09979248046875,126.32009887695312
2024-07-17,227.81460571289062,180.1473388671875,460.41351318359375,440.1454162597656,117.95274353027344
2024-07-18,223.13644409179688,176.83340454101562,474.2261962890625,437.0193786621094,121.0517578125
2024-07-19,223.26585388183594,176.8035430908203,475.16302490234375,433.7841796875,117.89275360107422
2024-07-22,222.91748046875,180.79420471191406,485.7367858886719,439.5698547363281,123.50098419189453
2024-07-23,223.9626007080078,180.9136199951172,487.02239990234375,441.4653015136719,122.55127716064453
2024-07-24,217.522705078125,171.7978057861328,459.6959533691406,425.63665771484375,114.21391296386719
2024-07-25,216.47760009765625,166.4735870361328,451.8627624511719,415.216552734375,112.24454498291016
2024-07-26,216.9454345703125,166.19493103027344,464.11083984375,422.0342712402344,113.0242919921875
2024-07-29,217.22412109375,168.71273803710938,464.12078857421875,423.4831848144531,111.55474853515625
2024-07-30,217.78150939941406,169.46905517578125,461.60943603515625,419.7021789550781,103.6972427368164
2024-07-31,221.04623413085938,170.71302795410156,473.2096862792969,415.1669616699219,116.9830322265625
2024-08-01,217.34356689453125,169.9368133544922,496.0414733886719,413.9363708496094,109.1755142211914
2024-08-02,218.83656311035156,165.85659790039062,486.47430419921875,405.3819274902344,107.23612213134766
2024-08-05,208.29586791992188,158.48231506347656,474.1065979003906,392.1434326171875,100.41827392578125
2024-08-06,206.26536560058594,157.5269317626953,492.4039611816406,396.56951904296875,104.21707916259766
2024-08-07,208.84332275390625,158.17379760742188,487.2515869140625,395.39849853515625,98.87876892089844
2024-08-08,212.31704711914062,161.24888610839844,507.89093017578125,399.6260681152344,104.93685150146484
2024-08-09,215.23342895507812,162.8809814453125,516.0031127929688,402.93072509765625,104.7169189453125
2024-08-12,216.7680206298828,161.50762939453125,514.1893310546875,403.7147216796875,108.9855728149414
2024-08-13,220.4949493408203,163.36862182617188,526.7363891601562,410.8599548339844,116.10331726074219
2024-08-14,220.94334411621094,159.5968780517578,524.9625244140625,413.6882629394531,118.04271697998047
2024-08-15,223.932861328125,160.52243041992188,535.4964599609375,418.57965087890625,122.82120513916016
2024-08-16,225.25819396972656,162.17440795898438,525.6202392578125,416.0345153808594,124.54065704345703
2024-08-19,225.0987548828125,165.8665313720703,527.4739379882812,419.07672119140625,129.95892333984375
2024-08-20,225.71656799316406,166.37408447265625,524.9325561523438,422.3276672363281,127.2098159790039
2024-08-21,225.60696411132812,165.0504913330078,533.3338012695312,421.67156982421875,128.4594268798828
2024-08-22,223.74349975585938,163.01036071777344,530.1148071289062,413.13153076171875,123.70092010498047
2024-08-23,226.04542541503906,164.82159423828125,526.1982421875,414.36431884765625,129.32913208007812
2024-08-26,226.3842315673828,165.35897827148438,519.3417358398438,411.08349609375,126.4200668334961
2024-08-27,227.23126220703125,163.8861083984375,517.3285522460938,411.43145751953125,128.25949096679688
2024-08-28,225.6966552734375,162.06494140625,515.0166015625,408.2103576660156,125.5703353881836
2024-08-29,228.98509216308594,161.00010681152344,516.4515380859375,410.7156677246094,117.55286407470703
2024-08-30,228.19784545898438,162.59239196777344,519.5311279296875,414.7122802734375,119.33230590820312
2024-09-03,221.98968505859375,156.6013946533203,510.013671875,407.0570983886719,107.96588897705078
2024-09-04,220.076416015625,155.69580078125,510.9903259277344,406.5202331542969,106.17646026611328
2024-09-05,221.60105895996094,156.48199462890625,515.0962524414062,406.01318359375,107.17613983154297
2024-09-06,220.0465087890625,150.19244384765625,498.5628662109375,399.36212158203125,102.79752349853516
2024-09-09,220.13619995117188,148.18948364257812,503.06744384765625,403.3587341308594,106.43638610839844
2024-09-10,219.3389892578125,148.13966369628906,503.06744384765625,411.7893981933594,108.06585693359375
2024-09-11,221.8800811767578,150.6309051513672,510.0834045410156,420.57794189453125,116.87308502197266
2024-09-12,221.98968505859375,154.1485595703125,523.806396484375,424.514892578125,119.11256408691406
2024-09-13,221.72061157226562,156.90887451171875,522.8297729492188,428.083984375,119.07257080078125
2024-09-16,215.56227111816406,157.5067596435547,531.96728515625,428.8296203613281,116.75310516357422
2024-09-17,216.03062438964844,158.76235961914062,534.999755859375,432.6174621582031,115.5633773803711
2024-09-18,219.91696166992188,159.25064086914062,536.6257934570312,428.302734375,113.34388732910156
2024-09-19,228.0683135986328,161.57247924804688,557.7236938476562,436.1368713378906,117.84285736083984
2024-09-20,227.40065002441406,163.0174102783203,559.9681396484375,432.7367858886719,115.9732894897461
2024-09-23,225.67672729492188,161.2834930419922,563.0205688476562,430.9870300292969,116.23323059082031
2024-09-24,226.57354736328125,161.72193908691406,561.9432983398438,426.6722717285156,120.84217071533203
2024-09-25,225.57705688476562,160.9247589111328,566.9109497070312,429.59515380859375,123.48155975341797
2024-09-26,226.72303771972656,162.160400390625,566.442138671875,428.7998046875,124.01143646240234
2024-09-27,226.99208068847656,163.3761444091797,565.9633178710938,425.5289306640625,121.3720474243164
2024-09-30,232.183837890625,165.26950073242188,571.0308227539062,427.795654296875,121.41203308105469
2024-10-01,225.4176483154297,166.405517578125,575.0509033203125,418.2416076660156,116.97306060791016
2024-10-02,225.9856414794922,165.2794647216797,571.3999633789062,414.7023620605469,118.82262420654297
2024-10-03,224.8795166015625,165.2794647216797,581.3353881835938,414.11578369140625,122.82170867919922
2024-10-04,226.00555419921875,166.4752655029297,594.4730224609375,413.6385498046875,124.89122772216797
2024-10-07,220.91346740722656,162.4095458984375,583.3405151367188,407.1565246582031,127.69058990478516
2024-10-08,224.9791717529297,163.8046417236328,591.4304809570312,412.29644775390625,132.85939025878906
2024-10-09,228.7359619140625,161.29345703125,589.0563354492188,415.0303955078125,132.61944580078125
2024-10-10,228.23770141601562,161.5126953125,582.3927612304688,413.41986083984375,134.77896118164062
2024-10-11,226.75294494628906,162.6686248779297,588.4977416992188,413.89703369140625,134.7689666748047
2024-10-14,230.48980712890625,164.3826141357422,588.9664916992188,416.7006530761719,138.03822326660156
2024-10-15,233.03086853027344,164.88087463378906,584.8267822265625,416.3029479980469,131.5697021484375
2024-10-16,230.96812438964844,164.5819091796875,575.3701171875,413.69818115234375,135.68873596191406
2024-10-17,231.33682250976562,162.35971069335938,575.509765625,414.2947082519531,136.89846801757812
2024-10-18,234.1768341064453,162.84800720214844,575.0509033203125,415.7263488769531,137.9682159423828
2024-10-21,235.65164184570312,163.49574279785156,573.744140625,416.3427429199219,143.67691040039062
2024-10-22,235.03382873535156,164.56198120117188,580.5772705078125,425.0219421386719,143.55694580078125
2024-10-23,229.95167541503906,162.2102508544922,562.3023681640625,422.1288757324219,139.52786254882812
2024-10-24,229.7623748779297,162.1504364013672,566.38232421875,422.25811767578125,140.37767028808594
2024-10-25,230.59942626953125,164.6915283203125,571.8388061523438,425.658203125,141.5074005126953
2024-10-28,232.5824432373047,166.13644409179688,576.7366943359375,424.1072998046875,140.48765563964844
2024-10-29,232.85150146484375,169.08607482910156,591.819580078125,429.43609619140625,141.21746826171875
2024-10-30,229.29400634765625,173.84934997558594,590.3431396484375,430.0127258300781,139.3079071044922
2024-10-31,225.11868286132812,170.51109313964844,566.1828002929688,403.985107421875,132.72943115234375
2024-11-01,222.1291961669922,170.69044494628906,565.7637939453125,407.981689453125,135.3688201904297
2024-11-04,221.23233032226562,168.6476287841797,559.2998046875,406.0827941894531,136.0186767578125
2024-11-05,222.66729736328125,169.14588928222656,571.0208129882812,409.0653076171875,139.87777709960938
2024-11-06,221.93984985351562,175.89218139648438,570.6417846679688,417.73455810546875,145.5764617919922
2024-11-07,226.6831817626953,180.1173553466797,590.2434692382812,422.9540100097656,148.84571838378906
2024-11-08,226.41383361816406,177.7257537841797,587.8892822265625,420.0808410644531,147.5959930419922
2024-11-11,223.69039916992188,179.71875,581.734375,415.57720947265625,145.22654724121094
2024-11-12,223.69039916992188,180.98428344726562,583.38037109375,420.5679931640625,148.25582885742188
2024-11-13,224.5782470703125,178.25390625,578.5722045898438,422.7253723144531,146.23631286621094
2024-11-14,227.67079162597656,174.96543884277344,575.7391967773438,424.4055480957031,146.72618103027344
2024-11-15,224.4585418701172,171.88626098632812,552.716064453125,412.5847473144531,141.94729614257812
2024-11-18,227.4712677001953,174.68641662597656,553.0352783203125,413.34033203125,140.11770629882812
2024-11-19,227.73065185546875,177.49655151367188,559.7088012695312,415.3584899902344,146.97613525390625
2024-11-20,228.44891357421875,175.36402893066406,564.1278686523438,413.0718688964844,145.8563995361328
2024-11-21,227.97007751464844,167.04327392578125,561.703857421875,411.2887268066406,146.63623046875
2024-11-22,229.3168182373047,164.1833038330078,557.7636108398438,415.40289306640625,141.91729736328125
2024-11-25,232.30960083007812,167.0631866455078,563.7188720703125,417.1860656738281,135.98867797851562
2024-11-26,234.49432373046875,168.52804565429688,572.1281127929688,426.350830078125,136.8884735107422
2024-11-27,234.36463928222656,168.63766479492188,567.7987670898438,421.3699645996094,135.30882263183594
2024-11-29,236.7588653564453,168.358642578125,572.90625,421.83819580078125,138.21817016601562
2024-12-02,239.013427734375,170.88975524902344,591.3706665039062,429.3293762207031,138.5980682373047
2024-12-03,242.06607055664062,170.74026489257812,612.139404296875,429.5485534667969,140.2277069091797
2024-12-04,242.42520141601562,173.75965881347656,612.2691040039062,435.7447204589844,145.1065673828125
2024-12-05,242.4551239013672,172.0357208251953,607.4309692382812,440.9248046875,145.03659057617188
2024-12-06,242.25559997558594,174.09849548339844,622.2344970703125,441.87115478515625,142.41702270507812
2024-12-09,246.1562042236328,174.95645141601562,612.0595703125,444.311767578125,138.78758239746094
2024-12-10,247.1737518310547,184.7333526611328,617.7954711914062,441.6320495605469,135.04820251464844
2024-12-11,245.89683532714844,194.93922424316406,631.12255859375,447.2704162597656,139.28750610351562
2024-12-12,247.36329650878906,191.50733947753906,629.2372436523438,447.83819580078125,137.3178253173828
2024-12-13,247.5328826904297,189.3723907470703,618.8229370117188,445.5569763183594,134.22833251953125
2024-12-16,250.43588256835938,196.19625854492188,623.2056274414062,449.86041259765625,131.9786834716797
2024-12-17,252.8699951171875,194.95916748046875,618.41357421875,452.7194519042969,130.36895751953125
2024-12-18,247.4530792236328,187.95571899414062,596.200439453125,435.71484375,128.88919067382812
2024-12-19,249.1888885498047,188.06546020507812,594.5830688476562,435.356201171875,130.6588897705078
2024-12-20,253.87759399414062,190.95863342285156,584.2802124023438,434.9278869628906,134.67825317382812
2024-12-23,254.6557159423828,194.17105102539062,598.8560180664062,433.5830383300781,139.64744567871094
2024-12-24,257.57867431640625,195.64755249023438,606.742919921875,437.64739990234375,140.19737243652344
2024-12-26,258.39666748046875,195.13876342773438,602.3502197265625,436.43206787109375,139.90740966796875
2024-12-27,254.9749298095703,192.30545043945312,598.8161010742188,428.881103515625,136.9878692626953
2024-12-30,251.59307861328125,190.78903198242188,590.26025390625,423.2029113769531,137.46780395507812
2024-12-31,249.81736755371094,188.85362243652344,584.539794921875,419.88568115234375,134.26832580566406
